,Unnamed: 0,Entity,ISO_Code,indiv_libs_vdem_owid,electdem_vdem_owid,libdem_vdem_owid,lib_dich_row_owid,Year,Countries,Economic Freedom Summary Index,Rank,Quartile,Government consumption,data,Transfers and subsidies,data.1,Government investment,data.2,Top marginal income tax rate,data.3,Top marginal income and payroll tax rate,data.4,Top marginal tax rate,State ownership of assets,Size of Government, Judicial independence,Impartial courts,Protection of property rights,Military interference in rule of law and politics,Integrity of the legal system,Legal enforcement of contracts,Regulatory restrictions on the sale of real property,Reliability of police,Gender Legal Rights Adjustment,Legal System & Property Rights,Money growth,data.5,Standard deviation of inflation,data.6, Inflation: Most recent year,data.7,Freedom to own foreign currency bank accounts,Sound Money,Revenue from trade taxes (% of trade sector),data.8,Mean tariff rate,data.9,Standard deviation of tariff rates,data.10,Tariffs,Non-tariff trade barriers,Compliance costs of importing and exporting, Regulatory trade barriers,Black market exchange rates,Financial Openness,Capital controls,Freedom of foreigners to visit,Controls of the movement of capital and people,Freedom to trade Internationally,Ownership of banks,Private sector credit,Interest rate controls/negative real interest rates),Credit market regulations,Hiring regulations and minimum wage,Hiring and firing regulations,Centralized collective bargaining,Hours Regulations,Mandated cost of worker dismissal,Conscription,Labor market regulations,Administrative requirements,Regulatory Burden,Starting a business,Impartial Public Administration,Licensing restrictions,Tax compliance,Business regulations,Regulation
0,0.0,Afghanistan,AFG,0.266,0.16,0.104,0.0,,,,,,,,,,,,,,,,,,,,,,,,,,,,,,,,,,,,,,,,,,,,,,,,,,,,,,,,,,,,,,,,,,,,,,,
1,1.0,Albania,ALB,0.006,0.173,0.055,0.0,1970.0,Albania,,,,,,,,,,,,,,,0.18,,3.7,8.43,,,5.24,,,,1.0,5.79,,,,,,,0.0,,,,,,,,,,,,0.0,,0.0,,0.0,,,,,,,,,,,0.0,,,,,1.75,,,,
2,2.0,Algeria,DZA,0.428,0.084,0.065,0.0,1970.0,Algeria,4.68,75.0,4.0,5.54,21.18,,,7.32,24.39,,,,,,2.49,5.11,3.77,5.87,,,4.25,,,,0.53,3.54,7.48,12.59,9.35,1.62,8.92,5.42,0.0,6.44,,,,,,,,,,,0.0,0.0,0.0,,0.0,,0.0,,,0.0,,,,,,3.0,,,,,3.91,,,,3.63
3,3.0,Angola,AGO,0.024,0.01,0.035,0.0,1970.0,Angola,,,,,,,,,,,,,,,3.18,,5.05,7.42,,,2.38,,,,0.47,3.64,,,,,,,,,,,,,,,,,,,,,,,,,,,,,,,,,,,,,,,2.37,,,,
4,4.0,Argentina,ARG,0.354,0.105,0.086,0.0,1970.0,Argentina,5.98,38.0,2.0,7.93,13.04,,,,,,,,,,6.15,7.04,5.4,7.1,,,3.42,5.75,,,0.41,3.82,5.96,20.21,6.22,9.46,8.84,5.8,10.0,7.75,,,,,,,,,,,10.0,5.97,2.0,,3.98,,5.0,8.96,,6.98,,,5.18,5.72,,0.0,3.63,,,,2.42,,,,5.31
5,5.0,Armenia,ARM,0.094,0.102,0.024,0.0,1970.0,Armenia,,,,,,,,,,,,,,,,,3.22,,,,,,,,0.82,,,,,,,,,,,,,,,,,,,,,,,,,,,,,,,,,,,,,,,,,,,,
6,6.0,Australia,AUS,0.98,0.86,0.807,1.0,1970.0,Australia,7.56,7.0,1.0,6.17,19.04,,,10.0,13.93,,,,,,7.38,7.85,8.46,8.9,,,7.79,8.0,,,0.88,7.8,9.81,0.94,9.61,0.98,8.9,5.48,10.0,9.58,7.53,3.7,,,,,7.53,,,,10.0,4.16,2.0,,3.08,6.87,8.0,5.77,10.0,7.92,,,5.18,,,0.0,,,,,9.76,,,,5.72
7,7.0,Austria,AUT,0.949,0.843,0.728,1.0,1970.0,Austria,6.61,20.0,1.0,5.45,21.46,6.07,14.94,7.82,22.64,,,,,,4.78,6.03,7.57,8.59,,,7.31,8.25,,,0.59,6.3,9.74,1.29,9.71,0.73,9.05,4.74,5.0,8.38,8.27,2.6,,,,,8.27,,,,10.0,4.49,2.0,,3.24,7.17,5.0,8.47,8.0,7.16,,,4.49,5.01,,0.0,3.17,,,,8.06,,,,5.16
8,8.0,Azerbaijan,AZE,0.094,0.102,0.024,0.0,1970.0,Azerbaijan,,,,,,,,,,,,,,,,,3.26,,,,,,,,0.82,,,,,,,,,,,,,,,,,,,,,,,,,,,,,,,,,,,,,,,,,,,,
9,9.0,Bahrain,BHR,0.449,0.024,,,1970.0,Bahrain,,,,,,,,,,,,,,,2.55,,4.29,,,,4.01,,,,0.35,2.81,,,9.44,1.4,9.67,1.63,,9.56,,,,,,,,,,,,,2.0,,2.0,,,10.0,,10.0,,,,,,,,,,,5.16,,,,
10,10.0,Bangladesh,BGD,0.383,0.168,0.09,0.0,1970.0,Bangladesh,,,,,,,,,,,,,,,,,5.9,4.07,,,3.69,,,,0.65,3.75,,,7.01,7.47,9.9,0.51,,8.46,,,,,,,,,,,,,0.0,,0.0,,0.0,,,0.0,,,,,,,,,,,,,,,
11,11.0,Barbados,BRB,0.904,0.726,0.618,1.0,1970.0,Barbados,,,,7.0,16.21,9.34,2.92,,,,,,,,6.89,7.74,8.31,7.87,,,6.53,,,,0.82,6.9,8.27,8.66,9.08,2.3,8.53,7.34,,8.63,6.6,5.1,,,,,6.6,,,,,,0.0,,0.0,,,9.55,,9.55,,,,,,,,,,,7.78,,,,
12,12.0,Belarus,BLR,0.094,0.102,0.024,0.0,1970.0,Belarus,,,,,,,,,,,,,,,,,2.89,,,,,,,,0.82,,,,,,,,,,,,,,,,,,,,,,,,,,,,,,,,,,,,,,,,,,,,
13,13.0,Belgium,BEL,0.983,0.85,0.773,1.0,1970.0,Belgium,7.54,9.0,1.0,6.39,18.26,4.48,20.77,10.0,11.42,,,,,,7.58,7.11,7.48,8.67,,,7.3,8.25,,,0.41,5.59,9.75,1.26,9.72,0.69,9.09,4.55,10.0,9.64,9.73,0.4,,,,,9.73,,,,10.0,8.34,10.0,,9.17,9.63,10.0,5.38,10.0,8.46,,,4.49,3.34,,1.0,2.94,,,,9.53,,,,5.7
14,14.0,Benin,BEN,0.543,0.179,0.115,0.0,1970.0,Benin,5.31,55.0,3.0,8.74,10.28,,,,,,,,,,5.28,7.01,4.56,3.47,,,4.86,,,,0.29,2.78,8.69,6.56,9.3,1.75,8.99,5.05,0.0,6.74,,,,,,,,,,,9.6,,0.0,,0.0,,0.0,9.76,,4.88,,,,,,,,,,,3.6,,,,4.71
15,15.0,Bhutan,BTN,0.586,0.045,0.126,0.0,1970.0,Bhutan,,,,,,,,,,,,,,,4.31,,5.87,7.32,,,5.51,,,,1.0,6.23,,,,,,,,,,,,,,,,,,,,,,,,,,,,,,,,,,,,,,,6.32,,,,
16,16.0,Bolivia,BOL,0.134,0.111,0.028,0.0,1970.0,Bolivia,5.21,57.0,3.0,,,9.88,0.95,,,,,,,,5.21,7.54,3.01,3.65,,,1.75,,,,0.47,2.06,8.73,6.36,9.4,1.5,9.23,3.84,10.0,9.34,2.6,11.1,,,,,2.6,,,,2.2,7.17,2.0,,4.59,3.13,,3.34,,3.34,,,,,,3.0,,,,,2.51,,,,3.96
17,17.0,Bosnia and Herzegovina,BIH,0.617,0.094,0.12,0.0,1970.0,Bosnia and Herzegovina,,,,,,,,,,,,,,,,,2.96,,,,,,,,0.82,,,,,,,,,,,,,,,,,,,,,,,,,,,,,,,,,,,,,,,,,,,,
18,18.0,Botswana,BWA,0.812,0.634,0.511,0.0,1970.0,Botswana,,,,5.58,21.02,9.74,1.47,,,,,,,,4.82,6.71,7.25,7.85,,,5.99,,,,0.29,4.55,,,9.49,1.27,9.78,1.08,,9.64,,,,,,,,,,,,,,,,,,,,,,,,,,,,,,,8.49,,,,
19,19.0,Brazil,BRA,0.169,0.177,0.082,0.0,1970.0,Brazil,5.01,63.0,3.0,7.59,14.18,5.93,15.45,,,7.0,45,,,7.0,5.91,6.61,5.28,3.76,,,3.07,6.0,,,0.47,3.33,5.06,24.7,6.92,7.7,6.58,17.12,5.0,5.89,5.6,6.6,,,,,5.6,,,,7.2,0.0,0.0,,0.0,4.27,5.0,8.33,6.0,6.44,,,5.18,,,3.0,,,,,2.19,,,,4.96
20,20.0,Bulgaria,BGR,0.126,0.177,0.058,0.0,1970.0,Bulgaria,,,,,,,,,,,,,,,0.25,,4.72,8.18,,,3.85,,,,0.88,5.25,,,,,,,0.0,,,,,,,,,,,,0.0,,0.0,,0.0,,0.0,,,0.0,,,,,,0.0,,,,,4.78,,,,3.27
21,21.0,Burkina Faso,BFA,0.592,0.177,0.128,0.0,1970.0,Burkina Faso,,,,,,,,,,,,,,,4.31,,5.26,4.96,,,5.2,,,,0.47,3.78,,,,,,,,,,,,,,,,,,,,,,,,,,,,,,,,,,,,,,,6.51,,,,
22,22.0,Burundi,BDI,0.242,0.083,0.072,0.0,1970.0,Burundi,5.84,42.0,2.0,8.78,10.14,,,,,,,,,,6.22,7.5,4.59,2.97,,,4.04,,,,0.65,3.19,9.15,4.27,8.43,3.92,8.96,5.18,,8.85,,,,,,,,,,,5.4,1.66,0.0,,0.83,,2.0,4.3,,3.15,,,,,,,,,,,1.76,,,,3.83
23,23.0,Cambodia,KHM,0.484,0.157,0.083,0.0,1970.0,Cambodia,,,,,,,,,,,,,,,5.66,,2.75,5.29,,,2.87,,,,0.88,3.43,,,,,,,,,,,,,,,,,,,,,,,,,,,,,,,,,,,,,,,5.62,,,,
24,24.0,Cameroon,CMR,0.283,0.158,0.071,0.0,1970.0,Cameroon,,,,7.49,14.53,,,,,,,,,,4.88,6.18,3.6,4.4,,,2.81,,,,0.47,2.65,8.11,9.47,6.82,7.95,8.42,7.88,0.0,5.84,,,,,,,,,,,9.6,2.26,0.0,,1.13,,0.0,,,0.0,,,,,,,,,,,4.63,,,,
25,25.0,Canada,CAN,0.942,0.82,0.738,1.0,1970.0,Canada,8.03,2.0,1.0,3.77,27.19,7.79,8.6,7.98,22.09,0.0,82-91,,,0.0,7.37,5.38,8.02,9.46,,,6.79,8.25,,,0.94,7.89,9.11,4.45,9.81,0.47,9.04,4.82,10.0,9.49,8.4,2.4,,,,,8.4,,,,10.0,10.0,8.0,,9.0,9.13,10.0,7.2,10.0,9.07,,,7.24,5.1,,10.0,7.45,,,,8.79,,,,8.26
26,26.0,Cape Verde,CPV,0.096,0.025,0.032,0.0,1970.0,Cabo Verde,,,,,,,,,,,,,,,1.16,,5.01,5.73,,,2.46,,,,0.59,3.5,,,,,,,,,,,,,,,,,,,,,,,,,,,,,,,,,,,,,,,1.76,,,,
27,27.0,Central African Republic,CAF,0.188,0.091,0.038,0.0,1970.0,Central African Republic,,,,5.32,21.92,,,,,,,,,,6.55,5.93,4.12,2.81,,,2.47,,,,0.53,2.4,8.64,6.81,7.27,6.83,9.1,4.49,0.0,6.25,,,,,,,,,,,9.6,0.6,0.0,,0.3,,0.0,,,0.0,,,,,,,,,,,3.15,,,,
28,28.0,Chad,TCD,0.287,0.192,0.089,0.0,1970.0,Chad,,,,4.8,23.66,,,,,,,,,,7.78,6.29,4.38,7.45,,,2.94,,,,0.53,3.76,8.82,5.92,9.42,1.45,9.23,3.86,0.0,6.87,,,,,,,,,,,9.6,2.26,0.0,,1.13,,,,,,,,,,,,,,,,4.86,,,,
29,29.0,Chile,CHL,0.765,0.606,0.466,0.0,1970.0,Chile,4.51,77.0,4.0,7.2,15.51,5.94,15.38,,,,,,,,5.19,6.11,5.64,7.97,,,4.85,5.5,,,0.35,4.05,4.36,28.2,7.54,6.15,1.86,40.69,10.0,5.94,9.2,1.2,0.0,105.0,,,4.6,,,,0.2,0.0,2.0,,1.0,1.93,,,,,,,,,,3.0,,,,,7.57,,,,
30,30.0,China,CHN,0.018,0.067,0.025,0.0,1970.0,China,,,,,,,,,,,,,,,0.19,,3.05,7.83,,,3.38,4.25,,,0.88,4.35,,,8.4,3.99,9.06,-4.72,0.0,5.82,,,,,,,,,,,2.0,,0.0,,0.0,,0.0,,,0.0,,,4.49,,,0.0,,,,,1.46,,,,3.22
31,31.0,Colombia,COL,0.485,0.354,0.248,0.0,1970.0,Colombia,5.53,48.0,3.0,8.43,11.33,,,5.97,29.11,,,,,,7.32,7.24,6.06,5.28,,,3.74,5.25,,,0.76,4.48,8.07,9.64,8.98,2.55,8.02,9.9,0.0,6.27,4.6,8.1,,,,,4.6,,,,7.8,0.0,0.0,,0.0,4.13,,,,,,,,,,3.0,,,,,4.47,,,,
32,32.0,Comoros,COM,0.171,0.123,0.062,0.0,1970.0,Comoros,,,,,,,,,,,,,,,,,,,,,,,,,0.65,,,,,,,,,,,,,,,,,,,,,,,,,,,,,,,,,,,,,,,,,,,,
33,33.0,Congo,COG,0.134,0.086,0.024,0.0,1970.0,"Congo, Rep.",5.04,61.0,3.0,6.71,17.18,9.74,1.44,,,,,,,,2.56,6.34,3.71,2.98,,,1.68,,,,0.47,2.05,8.49,7.55,8.56,3.6,9.26,3.71,0.0,6.58,4.88,7.68,,,,,4.88,,,,9.6,2.26,0.0,,1.13,5.2,0.0,,,0.0,,,,,,,,,,,1.87,,,,
34,34.0,Costa Rica,CRI,0.909,0.743,0.655,1.0,1970.0,Costa Rica,7.74,5.0,1.0,7.48,14.57,9.81,1.21,,,,,,,,5.96,7.75,7.74,6.93,,,7.08,,,,0.88,6.82,9.3,3.49,9.11,2.23,8.54,7.32,10.0,9.24,7.27,4.1,,,,,7.27,,,,10.0,7.17,5.0,,6.09,7.78,10.0,9.36,,9.68,,,,,,,,,,,8.39,,,,7.13
35,35.0,Cote d'Ivoire,CIV,0.59,0.178,0.145,0.0,1970.0,Cote d'Ivoire,,,,6.13,19.16,,,4.28,35.02,,,,,,4.37,4.93,5.44,5.06,,,4.64,,,,0.47,3.71,8.61,6.94,9.22,1.95,9.4,2.99,0.0,6.81,,,,,,,,,,,9.6,2.26,0.0,,1.13,,,,,,,,,,,0.0,,,,,6.13,,,,
36,36.0,Croatia,HRV,0.617,0.094,0.12,0.0,1970.0,Croatia,,,,,,,,,,,,,,,,,2.42,,,,,,,,0.82,,,,,,,,,,,,,,,,,,,,,,,,,,,,,,,,,,,,,,,,,,,,
37,37.0,Cuba,CUB,0.195,0.069,0.034,0.0,,,,,,,,,,,,,,,,,,,,,,,,,,,,,,,,,,,,,,,,,,,,,,,,,,,,,,,,,,,,,,,,,,,,,,,
38,38.0,Cyprus,CYP,0.577,0.482,0.356,0.0,1970.0,Cyprus,5.81,44.0,3.0,,,9.08,3.87,,,,,,,,5.33,7.21,5.74,6.47,,,4.92,,,,0.88,5.37,,,,,9.52,2.4,0.0,4.76,6.2,5.7,,,,,6.2,,,,9.8,1.66,0.0,,0.83,5.61,,9.08,8.0,8.54,,,,,,,,,,,4.53,,,,6.1
39,39.0,Czechia,CZE,0.23,0.132,0.046,0.0,1970.0,Czech Republic,,,,,,,,,,,,,,,0.43,,3.83,5.91,,,3.31,7.75,,,0.82,4.74,,,,,,,,,,,,,,,,,,,,,0.0,,0.0,,0.0,,,0.0,,,,,,0.0,,,,,3.55,,,,3.07
40,40.0,Democratic Republic of Congo,COD,0.104,0.111,0.03,0.0,1970.0,"Congo, Dem. Rep.",4.06,82.0,4.0,7.21,15.49,,,,,,,,,,3.85,5.53,2.58,3.76,,,1.45,,,,0.24,1.6,6.74,16.31,0.0,26.17,9.34,-3.3,10.0,6.52,0.0,19.7,,,,,0.0,,,,6.2,1.66,2.0,,1.83,2.68,0.0,6.88,,3.44,,,,,,3.0,,,,,2.15,,,,3.99
41,41.0,Denmark,DNK,0.992,0.905,0.879,1.0,1970.0,Denmark,6.79,16.0,1.0,3.74,27.29,,,1.06,46.3,,,,,,6.93,3.91,8.54,9.81,,,8.45,8.75,,,1.0,8.89,9.28,3.6,9.72,0.69,8.33,8.34,0.0,6.83,8.73,1.9,,,,,8.73,,,,10.0,4.16,5.0,,4.58,7.77,10.0,,8.0,9.0,,,5.18,4.13,,3.0,4.1,,,,9.93,,,,6.55
42,42.0,Djibouti,DJI,0.058,0.105,0.036,0.0,1970.0,Djibouti,,,,,,,,,,,,,,,,,,,,,,,,,0.65,,,,,,,,,,,,,,,,,,,,,,,,,,,,,,,,,,,,,,,,,,,,
43,43.0,Dominican Republic,DOM,0.317,0.269,0.084,0.0,1970.0,Dominican Republic,4.99,67.0,4.0,7.9,13.12,9.59,1.99,9.23,17.71,,,,,,7.11,8.46,3.81,3.87,,,2.78,,,,0.47,2.56,8.84,5.78,9.14,2.16,9.58,2.1,0.0,6.89,0.0,16.5,,,,,0.0,,,,5.6,1.66,2.0,,1.83,2.48,,6.73,,6.73,,,,,,3.0,,,,,2.78,,,,4.57
44,44.0,East Germany,OWID_GDR,0.346,0.169,0.064,0.0,,,,,,,,,,,,,,,,,,,,,,,,,,,,,,,,,,,,,,,,,,,,,,,,,,,,,,,,,,,,,,,,,,,,,,,
45,45.0,Ecuador,ECU,0.504,0.293,0.091,0.0,1970.0,Ecuador,5.0,66.0,4.0,8.01,12.78,,,8.6,19.89,,,,,,7.57,8.06,4.6,4.52,,,2.34,5.0,,,0.53,3.15,9.3,3.51,9.28,1.79,8.17,9.13,0.0,6.69,0.4,14.4,,,,,0.4,,,,5.6,6.57,2.0,,4.28,3.43,,5.32,,5.32,,,,,,0.0,,,,,2.02,,,,3.7
46,46.0,Egypt,EGY,0.43,0.193,0.148,0.0,1970.0,"Egypt, Arab Rep.",,,,3.71,27.4,,,,,,,,,,5.87,4.79,4.78,4.49,,,4.5,5.25,,,0.41,3.36,9.81,-0.95,9.47,1.32,9.56,2.2,0.0,7.21,,,,,,,,,,,0.0,0.0,0.0,,0.0,,,,,,,,,,,0.0,,,,,4.56,,,,
47,47.0,El Salvador,SLV,0.106,0.188,0.066,0.0,1970.0,El Salvador,5.48,50.0,3.0,8.12,12.4,,,,,,,,,,7.23,7.67,4.96,3.74,,,2.43,,,,0.88,3.49,9.84,-0.81,9.16,2.1,9.03,4.84,0.0,7.01,3.73,9.4,,,,,3.73,,,,6.4,1.66,2.0,,1.83,3.99,,9.89,,9.89,,,,,,3.0,,,,,3.46,,,,5.22
48,48.0,Equatorial Guinea,GNQ,0.003,0.171,0.021,0.0,,,,,,,,,,,,,,,,,,,,,,,,,,,,,,,,,,,,,,,,,,,,,,,,,,,,,,,,,,,,,,,,,,,,,,,
49,49.0,Eritrea,ERI,0.118,0.083,0.023,0.0,,,,,,,,,,,,,,,,,,,,,,,,,,,,,,,,,,,,,,,,,,,,,,,,,,,,,,,,,,,,,,,,,,,,,,,
50,50.0,Estonia,EST,0.094,0.102,0.024,0.0,1970.0,Estonia,,,,,,,,,,,,,,,,,5.57,,,,,,,,0.82,,,,,,,,,,,,,,,,,,,,,,,,,,,,,,,,,,,,,,,,,,,,
51,51.0,Eswatini,SWZ,0.38,0.209,0.138,0.0,1970.0,Eswatini,,,,,,,,10.0,8.7,,,,,,3.74,6.87,4.22,6.57,,,3.49,,,,0.41,3.36,,,,,,,,,,,,,,,,,,,,,,,,,,,,,,,,,,,,,,,3.32,,,,
52,52.0,Ethiopia,ETH,0.188,0.094,0.035,0.0,1970.0,Ethiopia,,,,,,,,,,,,,,,4.98,,3.11,4.97,,,2.58,,,,0.59,2.82,,,,,,,,,,,,,,,,,,,,1.66,,,1.66,,,,,,,,,,,,,,,,2.52,,,,
53,53.0,Fiji,FJI,0.864,0.522,0.386,0.0,1970.0,Fiji,6.25,28.0,2.0,6.56,17.7,,,4.11,35.63,,,,,,6.39,5.68,5.66,8.06,,,6.37,,,,0.76,5.91,8.96,5.19,8.5,3.76,8.64,6.82,,8.7,4.3,8.55,,,,,4.3,,,,4.8,,5.0,,5.0,4.7,,7.27,,7.27,,,,,,,,,,,9.12,,,,
54,54.0,Finland,FIN,0.99,0.817,0.77,1.0,1970.0,Finland,7.48,10.0,1.0,5.78,20.34,,,10.0,13.88,,,,,,6.88,7.55,8.09,8.71,,,7.94,7.5,,,0.94,7.82,8.97,5.13,8.77,3.08,9.23,3.85,5.0,7.99,9.0,1.5,,,,,9.0,,,,10.0,1.66,2.0,,1.83,6.94,,9.62,,9.62,,,4.49,6.25,,3.0,4.58,,,,9.57,,,,7.1
55,55.0,France,FRA,0.972,0.844,0.762,1.0,1970.0,France,6.39,23.0,2.0,5.81,20.24,5.08,18.54,8.0,21.99,,,,,,6.39,6.32,6.78,8.92,,,6.63,6.25,,,0.59,5.67,9.84,-0.81,9.44,1.41,8.87,5.63,0.0,7.04,9.73,0.4,,,,,9.73,,,,9.6,1.2,2.0,,1.6,6.98,10.0,9.39,6.0,8.46,,,4.49,4.84,,1.0,3.44,,,,9.33,,,,5.95
56,56.0,Gabon,GAB,0.469,0.188,0.105,0.0,1970.0,Gabon,4.66,76.0,4.0,1.49,34.92,,,6.51,27.21,,,,,,5.28,4.43,4.06,2.61,,,3.07,,,,0.41,2.29,9.32,3.42,9.0,2.49,9.92,-0.42,0.0,7.06,3.8,9.3,,,,,3.8,,,,9.6,2.26,0.0,,1.13,4.84,0.0,,,0.0,,,,,,,,,,,4.51,,,,
57,57.0,Gambia,GMB,0.816,0.481,0.336,0.0,1970.0,"Gambia, The",,,,,,,,,,,,,,,5.6,,6.76,7.9,,,5.62,,,,0.82,6.16,,,,,,,,,,,,,,,,,,,,,,,,,,,,,,,,,,,,,,,6.95,,,,
58,58.0,Georgia,GEO,0.094,0.102,0.024,0.0,1970.0,Georgia,,,,,,,,,,,,,,,,,3.63,,,,,,,,0.82,,,,,,,,,,,,,,,,,,,,,,,,,,,,,,,,,,,,,,,,,,,,
59,59.0,Germany,DEU,0.982,0.862,0.82,1.0,1970.0,Germany,7.65,6.0,1.0,5.18,22.4,6.1,14.8,7.79,22.75,2.0,62,,,2.0,7.85,5.78,8.17,9.2,,,7.78,8.25,,,0.88,7.86,,,9.16,2.1,9.31,3.44,10.0,9.49,9.67,0.5,,,,,9.67,,,,10.0,10.0,8.0,,9.0,9.56,5.0,8.41,10.0,7.8,,,4.49,4.4,,1.0,3.29,,,,9.9,,,,5.55
60,60.0,Ghana,GHA,0.77,0.386,0.3,0.0,1970.0,Ghana,4.5,78.0,4.0,7.43,14.73,9.49,2.39,,,0.0,70,,,0.0,5.02,5.48,5.57,4.36,,,5.72,,,,0.71,4.45,9.28,3.62,7.6,6.01,9.42,2.92,0.0,6.57,0.0,15.1,,,,,0.0,,,,0.0,1.66,0.0,,0.83,0.28,,6.08,,6.08,,,,,,10.0,,,,,3.25,,,,5.72
61,61.0,Greece,GRC,0.232,0.074,0.066,0.0,1970.0,Greece,6.01,37.0,2.0,8.52,11.03,9.61,1.94,,,,,,,,4.69,7.61,4.04,3.84,,,2.98,6.0,,,0.76,3.72,9.63,1.83,9.56,1.09,9.22,3.91,5.0,8.35,6.87,4.7,,,,,6.87,,,,9.6,1.66,2.0,,1.83,6.1,2.0,4.7,8.0,4.9,,,4.49,6.33,,0.0,3.61,,,,3.86,,,,4.25
62,62.0,Guatemala,GTM,0.049,0.178,0.08,0.0,1970.0,Guatemala,5.9,39.0,2.0,9.06,9.21,9.94,0.72,8.86,18.99,,,,,,9.31,9.29,5.66,3.8,,,1.54,,,,0.71,3.13,9.3,3.49,9.2,1.99,9.0,5.0,0.0,6.88,5.93,6.1,,,,,5.93,,,,8.2,1.66,2.0,,1.83,5.32,8.0,9.52,,8.76,,,,,,0.0,,,,,1.47,,,,4.86
63,63.0,Guinea,GIN,0.115,0.143,0.036,0.0,1970.0,Guinea,,,,,,,,,,,,,,,2.5,,2.67,3.48,,,3.24,,,,0.59,2.49,,,,,,,,,,,,,,,,,,,,1.66,,,1.66,,,,,,,,,,,,,,,,2.7,,,,
64,64.0,Guinea-Bissau,GNB,0.012,0.012,0.011,0.0,1970.0,Guinea-Bissau,,,,5.7,20.62,,,,,,,,,,1.02,3.36,4.35,7.93,,,2.66,,,,0.41,3.52,,,,,,,,,,,,,,,,,,,,,0.0,,0.0,,,,,,,,,,,,,,,,1.45,,,,
65,65.0,Guyana,GUY,0.747,0.325,0.218,0.0,1970.0,Guyana,6.29,27.0,2.0,5.35,21.82,,,,,,,,,,4.9,5.12,6.29,7.99,,,4.78,,,,0.88,5.98,8.82,5.9,9.19,2.03,9.39,3.04,,9.13,5.79,6.32,,,,,5.79,,,,8.2,1.66,0.0,,0.83,4.94,,6.82,,6.82,,,,,,,,,,,6.68,,,,
66,66.0,Haiti,HTI,0.083,0.144,0.029,0.0,1970.0,Haiti,6.15,33.0,2.0,8.73,10.3,,,,,,,,,,6.99,7.86,2.69,3.67,,,1.1,,,,0.47,1.83,8.33,8.33,9.31,1.72,9.06,4.71,10.0,9.18,,,,,,,,,,,10.0,5.09,0.0,,2.54,,,9.23,,9.23,,,,,,10.0,,,,,0.26,,,,5.74
67,67.0,Honduras,HND,0.246,0.14,0.055,0.0,1970.0,Honduras,6.24,30.0,2.0,7.81,13.46,9.96,0.64,4.26,35.07,,,,,,5.83,6.96,4.47,3.96,,,2.28,,,,0.82,3.26,8.99,5.07,9.62,0.96,9.11,4.45,10.0,9.43,5.73,6.4,,,,,5.73,,,,4.0,10.0,2.0,,6.0,5.24,,9.04,,9.04,,,,,,10.0,,,,,3.67,,,,6.28
68,68.0,Hong Kong,HKG,0.926,0.167,0.185,0.0,1970.0,"Hong Kong SAR, China",8.42,1.0,1.0,8.87,9.86,,,10.0,8.76,10.0,15,,,10.0,8.56,9.36,7.89,9.7,,,6.65,,,,1.0,8.08,,,8.26,4.36,8.29,8.56,10.0,8.85,10.0,0.0,,,,,10.0,,,,10.0,8.34,5.0,,6.67,8.89,10.0,,,10.0,,,7.93,,,10.0,,,,,7.65,,,,6.95
69,69.0,Hungary,HUN,0.337,0.133,0.097,0.0,1970.0,Hungary,4.81,71.0,4.0,7.33,15.06,,,,,,,,,,1.18,4.26,5.76,5.1,,,5.73,5.75,,,0.94,5.42,,,9.29,1.78,9.02,4.9,0.0,6.1,,,,,,,,,,,0.0,,0.0,,0.0,,0.0,,,0.0,,,,,,0.0,,,,,5.97,,,,3.47
70,70.0,Iceland,ISL,0.952,0.836,0.733,1.0,1970.0,Iceland,6.19,32.0,2.0,6.67,17.31,,,6.89,25.87,,,,,,6.79,6.79,8.06,9.74,,,7.29,,,,1.0,8.36,7.95,10.25,7.56,6.09,6.71,16.43,0.0,5.56,3.33,10.0,,,,,3.33,,,,9.0,1.66,0.0,,0.83,4.39,,9.21,,9.21,,,4.49,,,,,,,,6.6,,,,5.88
71,71.0,India,IND,0.686,0.671,0.501,0.0,1970.0,India,5.46,51.0,3.0,8.69,10.47,,,3.47,37.84,0.0,85,,,0.0,6.27,4.61,6.84,7.74,,,4.77,3.0,,,0.71,4.77,8.93,5.33,8.15,4.62,9.67,1.66,0.0,6.69,,,,,,,,,,,0.0,1.66,0.0,,0.83,,0.0,7.92,8.0,5.31,,,,,,10.0,,,,,6.82,,,,5.77
72,72.0,Indonesia,IDN,0.22,0.186,0.059,0.0,1970.0,Indonesia,4.73,73.0,4.0,9.04,9.28,9.4,2.72,,,,,,,,5.37,7.93,2.83,1.5,,,2.47,3.75,,,0.29,1.71,,,0.0,449.89,7.28,13.62,10.0,5.76,5.4,6.9,,,,,5.4,,,,6.6,5.37,0.0,,2.68,4.89,0.0,,2.0,1.0,,,,,,3.0,,,,,2.23,,,,3.38
73,73.0,Iran,IRN,0.4,0.115,0.083,0.0,1970.0,"Iran, Islamic Rep.",5.34,53.0,3.0,,,8.96,4.32,2.85,40.04,,,,,,4.67,5.49,4.04,6.5,,,4.36,1.25,,,0.41,2.85,9.13,4.33,9.56,1.1,9.67,1.67,5.0,8.34,2.4,11.4,,,,,2.4,,,,9.0,1.66,5.0,,3.33,4.91,,9.73,,9.73,,,,,,0.0,,,,,5.95,,,,5.1
74,74.0,Iraq,IRQ,0.276,0.051,0.061,0.0,1970.0,Iraq,,,,,,,,,,,,,,,4.39,,3.32,6.86,,,4.68,,,,0.35,3.35,9.78,1.08,,,,,,,,,,,,,,,,,,0.0,,,0.0,,,,,,,,,,,,,,,,4.05,,,,
75,75.0,Ireland,IRL,0.941,0.819,0.714,1.0,1970.0,Ireland,6.72,18.0,1.0,6.9,16.53,6.53,13.23,9.77,15.8,,,,,,6.57,7.44,8.0,9.06,,,7.37,7.5,,,0.88,7.51,9.6,1.98,8.92,2.71,8.05,9.73,0.0,6.64,5.4,6.9,,,,,5.4,,,,10.0,2.51,5.0,,3.75,6.38,8.0,7.31,4.0,6.44,,,5.18,5.45,,,,,,,7.35,,,,5.6
76,76.0,Israel,ISR,0.888,0.692,0.601,1.0,1970.0,Israel,5.02,62.0,3.0,0.8,37.29,7.2,10.77,,,,,,,,4.23,4.08,6.21,8.28,,,7.32,7.0,,,0.88,6.78,8.27,8.67,8.05,4.87,8.09,9.57,0.0,6.1,4.07,8.9,,,,,4.07,,,,4.0,4.49,2.0,,3.24,3.77,0.0,5.94,,2.97,,,5.18,,,0.0,,,,,7.73,,,,4.37
77,77.0,Italy,ITA,0.899,0.755,0.651,1.0,1970.0,Italy,6.25,28.0,2.0,6.39,18.26,5.88,15.63,,,,,,,,6.09,6.12,6.49,6.97,,,6.33,4.5,,,0.76,5.36,7.8,11.02,9.26,1.84,8.63,6.87,0.0,6.42,9.87,0.2,,,,,9.87,,,,9.6,4.16,5.0,,4.58,8.02,5.0,7.8,8.0,6.93,,,4.49,6.69,,0.0,3.72,,,,6.41,,,,5.33
78,78.0,Jamaica,JAM,0.736,0.528,0.404,0.0,1970.0,Jamaica,,,,7.02,16.15,,,,,0.0,75,,,0.0,4.29,3.77,7.17,7.71,,,5.12,,,,0.88,6.27,7.98,10.11,9.23,1.93,8.88,5.58,,8.7,,,,,,,,,,,8.8,4.16,2.0,,3.08,,,8.15,,8.15,,,,,,,,,,,6.14,,,,
79,79.0,Japan,JPN,0.966,0.839,0.749,1.0,1970.0,Japan,7.31,12.0,1.0,8.1,12.46,9.7,1.59,5.63,30.29,,,,,,8.07,7.88,7.55,9.21,,,7.88,6.75,,,0.94,7.62,7.57,12.14,9.72,0.69,8.71,6.46,0.0,6.5,8.13,2.8,,,,,8.13,,,,9.8,4.16,2.0,,3.08,7.01,8.0,9.46,4.0,7.15,,,7.93,5.81,,10.0,7.91,,,,8.64,,,,7.53
80,80.0,Jordan,JOR,0.612,0.124,0.158,0.0,1970.0,Jordan,5.17,59.0,3.0,,,,,8.16,21.45,,,,,,6.17,7.16,4.85,6.62,,,6.13,,,,0.35,3.97,,,,,8.82,5.9,0.0,4.41,,,,,,,,,,,8.8,1.66,2.0,,1.83,,,9.31,,9.31,,,7.93,,,0.0,,,,,3.8,,,,5.12
81,81.0,Kazakhstan,KAZ,0.094,0.102,0.024,0.0,1970.0,Kazakhstan,,,,,,,,,,,,,,,,,,,,,,5.0,,,0.82,,,,,,,,,,,,,,,,,,,,,,,,,,,,,,,,,,,,,,,,,,,,
82,82.0,Kenya,KEN,0.287,0.198,0.116,0.0,1970.0,Kenya,4.9,70.0,4.0,5.51,21.27,9.7,1.62,7.45,23.91,0.0,70,,,0.0,4.14,5.36,5.13,4.86,,,2.65,,,,0.71,3.6,8.42,7.88,7.75,5.63,6.94,15.32,0.0,5.78,6.27,5.6,,,,,6.27,,,,3.8,1.66,0.0,,0.83,3.63,,7.92,8.0,7.96,,,,,,10.0,,,,,3.31,,,,6.15
83,83.0,Kuwait,KWT,0.726,0.257,0.269,0.0,1970.0,Kuwait,,,,4.12,26.01,,,,,,,,,,6.18,5.15,6.41,6.86,,,5.84,,,,0.41,4.5,,,9.7,0.74,9.89,0.57,10.0,9.86,,,,,,,,,,,10.0,8.34,2.0,,5.17,,,10.0,,10.0,,,,,,,,,,,5.07,,,,
84,84.0,Kyrgyzstan,KGZ,0.094,0.102,0.024,0.0,1970.0,Kyrgyz Republic,,,,,,,,,,,,,,,,,3.22,,,,,,,,0.82,,,,,,,,,,,,,,,,,,,,,,,,,,,,,,,,,,,,,,,,,,,,
85,85.0,Laos,LAO,0.229,0.243,0.125,0.0,1970.0,Lao PDR,,,,,,,,,,,,,,,8.02,,4.68,3.98,,,1.74,,,,0.53,2.65,,,,,,,,,,,,,,,,,,,,5.51,,,5.51,,,,,,,,,,,,,,,,1.59,,,,
86,86.0,Latvia,LVA,0.094,0.102,0.024,0.0,1970.0,Latvia,,,,,,,,,,,,,,,,,4.62,,,,,,,,0.82,,,,,,,,,,,,,,,,,,,,,,,,,,,,,,,,,,,,,,,,,,,,
87,87.0,Lebanon,LBN,0.642,0.401,0.23,0.0,1970.0,Lebanon,,,,,,,,,,,,,,,7.54,,4.61,6.13,,,3.71,,,,0.82,4.39,,,,,,,,,,,,,,,,,,,,10.0,,,10.0,,,,,,,,,,,,,,,,3.5,,,,
88,88.0,Lesotho,LSO,0.427,0.148,0.115,0.0,1970.0,Lesotho,,,,,,,,,,,,,,,6.31,,6.19,5.02,,,5.02,,,,0.35,3.66,,,,,,,,,,,,,,,,,,,,,,,,,,,,,,,,,,,,,,,2.05,,,,
89,89.0,Liberia,LBR,0.275,0.186,0.106,0.0,1970.0,Liberia,,,,,,,,,,,,,,,7.16,,4.96,2.55,,,3.54,,,,0.59,2.92,,,,,,,,,,,,,,,,,,,,10.0,,,10.0,,,,,,,,,,,,,,,,2.61,,,,
90,90.0,Libya,LBY,0.135,0.073,0.029,0.0,1970.0,Libya,,,,,,,,,,,,,,,2.18,,4.02,3.23,,,3.61,,,,0.59,2.87,,,,,,,,,,,,,,,,,,,,1.66,,,1.66,,,,,,,,,,,,,,,,2.1,,,,
91,91.0,Lithuania,LTU,0.094,0.102,0.024,0.0,1970.0,Lithuania,,,,,,,,,,,,,,,,,5.28,,,,,,,,0.82,,,,,,,,,,,,,,,,,,,,,,,,,,,,,,,,,,,,,,,,,,,,
92,92.0,Luxembourg,LUX,0.982,0.869,0.776,1.0,1970.0,Luxembourg,7.56,7.0,1.0,7.75,13.64,5.3,17.76,,,,,,,,8.37,7.14,7.86,7.13,,,7.0,,,,0.47,5.39,,,8.04,4.89,6.98,15.09,10.0,8.34,9.87,0.19,,,,,9.87,,,,10.0,,10.0,,10.0,9.96,10.0,,10.0,10.0,,,5.18,,,10.0,,,,,9.68,,,,6.99
93,93.0,Madagascar,MDG,0.474,0.253,0.134,0.0,1970.0,Madagascar,5.58,47.0,3.0,7.6,14.17,9.01,4.15,,,,,,,,6.57,7.72,4.81,3.71,,,3.73,,,,0.59,3.24,9.14,4.31,9.0,2.5,8.62,6.9,,8.92,0.0,15.1,,,,,0.0,,,,9.6,2.26,0.0,,1.13,3.58,0.0,9.5,,4.75,,,,,,0.0,,,,,6.0,,,,4.42
94,94.0,Malawi,MWI,0.163,0.21,0.089,0.0,1970.0,Malawi,5.63,45.0,3.0,6.37,18.34,9.64,1.83,5.75,29.86,,,,,,3.8,6.39,5.11,6.69,,,4.49,,,,0.71,4.63,9.06,4.69,8.4,4.0,8.24,8.78,0.0,6.43,6.6,5.1,,,,,6.6,,,,6.8,1.66,2.0,,1.83,5.08,,8.56,,8.56,,,,,,,,,,,3.45,,,,
95,95.0,Malaysia,MYS,0.678,0.145,0.132,0.0,1970.0,Malaysia,6.36,25.0,2.0,5.47,21.39,8.14,7.33,,,,,,,,6.53,6.71,5.85,8.27,,,5.37,6.0,,,0.65,5.25,9.71,-1.45,8.84,2.89,9.92,-0.39,0.0,7.12,4.67,8.0,,,,,4.67,,,,9.8,4.16,5.0,,4.58,6.35,5.0,9.88,,7.44,,,7.93,,,10.0,,,,,5.91,,,,6.37
96,96.0,Maldives,MDV,0.403,0.171,0.068,0.0,,,,,,,,,,,,,,,,,,,,,,,,,,,,,,,,,,,,,,,,,,,,,,,,,,,,,,,,,,,,,,,,,,,,,,,
97,97.0,Mali,MLI,0.454,0.102,0.096,0.0,1970.0,Mali,,,,8.52,11.03,,,,,,,,,,5.68,7.1,5.36,3.92,,,4.57,,,,0.53,3.53,9.13,4.34,6.88,7.79,8.78,6.11,0.0,6.2,,,,,,,,,,,9.4,1.66,0.0,,0.83,,,8.71,,8.71,,,,,,,,,,,3.96,,,,
98,98.0,Malta,MLT,0.905,0.707,0.528,0.0,1970.0,Malta,6.05,35.0,2.0,5.9,19.93,6.52,13.28,,,,,,,,2.78,5.07,5.17,7.97,,,5.76,,,,0.82,5.75,9.37,3.13,8.93,2.68,9.47,2.66,,9.26,4.93,7.6,,,,,4.93,,,,9.4,,2.0,,2.0,5.44,0.0,8.49,,4.24,,,,,,,,,,,5.1,,,,4.75
99,99.0,Mauritania,MRT,0.537,0.211,0.119,0.0,1970.0,Mauritania,,,,,,,,0.0,100.0,,,,,,4.04,2.02,4.69,2.88,,,3.93,,,,0.47,2.82,,,,,,,,,,,,,,,,,,,,2.26,,,2.26,,,,,,,,,,,,,,,,7.62,,,,
100,100.0,Mauritius,MUS,0.864,0.685,0.578,1.0,1970.0,Mauritius,6.43,22.0,2.0,7.29,15.22,9.26,3.22,,,,,,,,9.04,8.53,6.34,5.01,,,6.38,,,,0.71,5.04,9.98,0.09,9.18,2.04,9.69,1.57,,9.62,5.6,6.6,,,,,5.6,,,,0.0,,2.0,,2.0,2.53,,8.08,,8.08,,,,,,,,,,,7.98,,,,
101,101.0,Mexico,MEX,0.477,0.248,0.111,0.0,1970.0,Mexico,6.55,21.0,1.0,9.35,8.2,9.52,2.25,,,,,,,,4.52,7.8,4.81,4.54,,,3.94,5.75,,,0.88,4.48,9.31,3.47,9.21,1.97,8.21,8.96,10.0,9.18,4.8,7.8,,,,,4.8,,,,10.0,10.0,2.0,,6.0,6.93,,4.72,,4.72,,,,,,3.0,,,,,3.46,,,,4.35
102,102.0,Moldova,MDA,0.094,0.102,0.024,0.0,1970.0,Moldova,,,,,,,,,,,,,,,,,4.51,,,,,,,,0.82,,,,,,,,,,,,,,,,,,,,,,,,,,,,,,,,,,,,,,,,,,,,
103,103.0,Mongolia,MNG,0.131,0.177,0.056,0.0,1970.0,Mongolia,,,,,,,,,,,,,,,0.34,,2.68,5.24,,,2.72,,,,0.94,3.44,,,,,,,,,,,,,,,,,,,,,,,,,,,,,,,,,,,,,,,6.18,,,,
104,104.0,Morocco,MAR,0.388,0.137,0.112,0.0,1970.0,Morocco,5.21,57.0,3.0,7.63,14.07,,,10.0,10.93,,,,,,4.44,7.35,5.44,3.91,,,3.77,3.25,,,0.47,3.01,9.47,2.63,9.02,2.44,9.31,3.47,0.0,6.95,5.67,6.5,,,,,5.67,,,,7.8,1.66,0.0,,0.83,4.77,5.0,,,5.0,,,,,,1.0,,,,,2.85,,,,3.96
105,105.0,Mozambique,MOZ,0.04,0.028,0.022,0.0,1970.0,Mozambique,,,,,,,,,,,,,,,4.83,,3.3,4.88,,,2.46,,,,0.53,2.71,,,,,,,,,,,,,,,,,,,,,,,,,,,,,,,,,,,,,,,2.9,,,,
106,106.0,Myanmar,MMR,0.081,0.07,0.016,0.0,1970.0,Myanmar,3.4,84.0,4.0,,,,,,,,,,,,2.05,,2.45,4.14,,,2.19,,,,0.88,2.75,8.87,-5.64,7.61,5.98,9.71,-1.43,0.0,6.55,2.4,11.4,,,,,2.4,,,,0.0,1.66,0.0,,0.83,1.08,0.0,4.94,,2.47,,,,,,0.0,,,,,1.03,,,,3.22
107,107.0,Namibia,NAM,0.118,0.063,0.057,0.0,1970.0,Namibia,,,,,,,,,,,,,,,7.91,,4.55,7.1,,,3.22,,,,0.47,3.64,,,,,,,,,,,,,,,,,,,,,,,,,,,,,,,,,,,,,,,5.59,,,,
108,108.0,Nepal,NPL,0.202,0.093,0.081,0.0,1970.0,Nepal,,,,,,,,,,,,,,,3.03,,4.32,3.03,,,3.26,,,,0.71,3.01,9.12,4.38,7.2,6.99,8.59,7.05,0.0,6.23,0.6,14.1,,,,,0.6,,,,0.0,1.66,0.0,,0.83,0.48,0.0,,,0.0,,,,,,,,,,,3.11,,,,
109,109.0,Netherlands,NLD,0.979,0.846,0.794,1.0,1970.0,Netherlands,7.39,11.0,1.0,5.81,20.26,5.04,18.72,6.78,26.26,,,,,,7.58,6.3,7.47,9.25,,,7.6,8.0,,,0.88,7.6,9.53,2.37,9.61,0.98,8.77,6.17,10.0,9.48,8.87,1.7,,,,,8.87,,,,10.0,6.99,2.0,,4.5,7.79,10.0,6.73,10.0,8.91,,,5.18,2.73,,0.0,2.63,,,,9.08,,,,5.77
110,110.0,New Zealand,NZL,0.973,0.85,0.782,1.0,1970.0,New Zealand,6.63,19.0,1.0,6.75,17.07,,,5.76,29.85,,,,,,5.81,6.11,8.01,9.81,,,7.36,,,,0.88,7.9,9.63,-1.87,7.78,5.56,7.34,13.32,0.0,6.18,8.2,2.7,,,,,8.2,,,,7.8,1.66,5.0,,3.33,6.44,5.0,7.97,,6.48,,,5.18,4.4,,10.0,6.52,,,,9.65,,,,6.5
111,111.0,Nicaragua,NIC,0.112,0.172,0.036,0.0,1970.0,Nicaragua,6.36,25.0,2.0,8.53,10.99,,,,,,,,,,5.28,6.91,2.58,3.63,,,0.93,,,,0.88,2.24,8.89,-5.56,8.91,2.72,9.77,-1.13,10.0,9.39,7.0,4.5,,,,,7.0,,,,6.2,10.0,5.0,,7.5,6.9,,,,,,,,,,3.0,,,,,0.63,,,,
112,112.0,Niger,NER,0.397,0.188,0.129,0.0,1970.0,Niger,,,,9.15,8.9,,,10.0,4.69,,,,,,5.58,8.24,4.94,5.15,,,5.53,,,,0.47,3.83,9.49,2.57,7.76,5.61,8.57,7.14,0.0,6.45,,,,,,,,,,,9.6,2.26,0.0,,1.13,,,9.56,,9.56,,,,,,,,,,,6.78,,,,
113,113.0,Nigeria,NGA,0.374,0.189,0.09,0.0,1970.0,Nigeria,4.15,80.0,4.0,9.02,9.34,9.92,0.8,,,,,,,,5.38,8.1,4.08,4.76,,,2.85,4.0,,,0.71,3.35,8.39,8.06,2.07,19.83,0.0,51.28,0.0,2.61,5.6,6.6,,,,,5.6,,,,0.0,1.66,0.0,,0.83,2.14,,,2.0,2.0,,,,,,10.0,,,,,0.47,,,,4.56
114,114.0,North Korea,PRK,0.007,0.091,0.016,0.0,,,,,,,,,,,,,,,,,,,,,,,,,,,,,,,,,,,,,,,,,,,,,,,,,,,,,,,,,,,,,,,,,,,,,,,
115,115.0,North Macedonia,MKD,0.617,0.094,0.12,0.0,1970.0,North Macedonia,,,,,,,,,,,,,,,,,3.76,,,,,,,,0.94,,,,,,,,,,,,,,,,,,,,,,,,,,,,,,,,,,,,,,,,,,,,
116,116.0,Norway,NOR,0.978,0.848,0.81,1.0,1970.0,Norway,6.93,15.0,1.0,4.71,23.98,4.54,20.56,10.0,14.18,,,,,,6.69,6.48,8.52,9.78,,,7.57,8.75,,,1.0,8.65,9.01,4.97,8.56,3.6,7.44,12.81,0.0,6.25,8.93,1.6,,,,,8.93,,,,10.0,4.16,0.0,,2.08,7.01,10.0,6.72,,8.36,,,5.18,6.33,,1.0,4.17,,,,9.58,,,,6.26
117,117.0,Oman,OMN,0.402,0.013,0.045,0.0,1970.0,Oman,,,,0.05,39.83,9.27,3.19,,,,,,,,4.43,4.58,4.08,5.69,,,4.27,,,,0.47,3.44,,,7.57,6.07,8.75,-6.23,,8.16,9.47,0.8,,,,,9.47,,,,,,2.0,,2.0,,,,,,,,,,,,,,,,5.2,,,,
118,118.0,Pakistan,PAK,0.383,0.168,0.09,0.0,1970.0,Pakistan,4.79,72.0,4.0,8.49,11.15,10.0,0.01,5.57,30.52,,,,,,5.75,7.45,4.34,4.62,,,3.73,3.25,,,0.71,3.4,9.83,-0.85,8.96,2.61,9.14,4.31,0.0,6.98,0.33,14.5,,,,,0.33,,,,0.0,0.0,2.0,,1.0,0.44,0.0,7.69,8.0,5.23,,,,,,10.0,,,,,6.3,,,,5.69
119,119.0,Palestine/West Bank,PSE_? ,0.163,0.083,0.083,0.0,,,,,,,,,,,,,,,,,,,,,,,,,,,,,,,,,,,,,,,,,,,,,,,,,,,,,,,,,,,,,,,,,,,,,,,
120,120.0,Panama,PAN,0.37,0.09,0.074,0.0,1970.0,Panama,7.15,14.0,1.0,,,,,6.8,26.18,,,,,,5.64,6.22,5.72,4.03,,,3.1,,,,0.88,4.03,9.33,3.37,9.74,0.66,9.79,1.05,10.0,9.71,6.87,4.7,,,,,6.87,,,,10.0,10.0,8.0,,9.0,8.62,,9.74,,9.74,,,,,,,,,,,2.25,,,,
121,121.0,Papua New Guinea,PNG,0.571,0.302,0.234,0.0,1970.0,Papua New Guinea,,,,2.32,32.1,,,,,,,,,,9.02,5.67,6.04,6.72,,,4.31,,,,0.82,5.19,,,9.45,1.38,8.87,5.65,,9.16,,,,,,,,,,,,,0.0,,0.0,,,,,,,,,,,,,,,,7.51,,,,
122,122.0,Paraguay,PRY,0.098,0.162,0.042,0.0,1970.0,Paraguay,6.14,34.0,2.0,8.7,10.42,9.71,1.55,10.0,11.43,,,,,,6.66,8.77,3.51,2.98,,,1.08,,,,0.53,1.93,9.17,4.14,9.11,2.23,9.62,1.91,10.0,9.47,3.27,10.1,,,,,3.27,,,,6.6,1.66,5.0,,3.33,4.4,,,,,,,,,,0.0,,,,,0.71,,,,
123,123.0,Peru,PER,0.317,0.096,0.038,0.0,1970.0,Peru,5.01,63.0,3.0,7.44,14.72,9.5,2.34,10.0,11.75,,,,,,3.91,7.71,2.25,5.22,,,2.82,4.75,,,0.71,3.21,7.12,14.39,8.51,3.73,8.14,9.32,0.0,5.94,4.07,8.9,,,,,4.07,,,,7.2,2.4,0.0,,1.2,4.16,,5.62,,5.62,,,,,,0.0,,,,,3.65,,,,4.03
124,124.0,Philippines,PHL,0.373,0.357,0.249,0.0,1970.0,Philippines,5.01,63.0,3.0,8.15,12.28,10.0,0.42,,,,,,,,6.29,8.15,4.93,4.06,,,4.4,5.75,,,0.41,3.38,8.98,5.1,9.59,1.03,8.43,7.86,0.0,6.75,4.73,7.9,,,,,4.73,,,,0.0,3.46,0.0,,1.73,2.15,,6.3,,6.3,,,,,,3.0,,,,,3.36,,,,4.6
125,125.0,Poland,POL,0.523,0.188,0.134,0.0,1970.0,Poland,,,,,,,,,,,,,,,3.85,,5.06,7.87,,,5.46,5.0,,,0.88,5.51,,,,,,,5.0,,,,,,,,,,,,0.0,,0.0,,0.0,,0.0,,,0.0,,,,,,0.0,,,,,6.07,,,,3.49
126,126.0,Portugal,PRT,0.347,0.146,0.082,0.0,1970.0,Portugal,5.46,51.0,3.0,6.95,16.36,,,,,3.0,58,,,3.0,7.13,5.69,4.41,7.34,,,4.12,4.75,,,0.41,3.64,9.85,0.77,9.15,2.13,9.61,1.97,0.0,7.15,7.87,3.2,,,,,7.87,,,,10.0,1.66,2.0,,1.83,6.57,0.0,8.96,,4.48,,,5.18,6.95,,0.0,4.04,,,,6.58,,,,4.26
127,127.0,Qatar,QAT,0.352,0.017,0.064,0.0,1970.0,Qatar,,,,,,,,,,,,,,,3.47,,4.91,5.92,,,3.21,,,,0.53,3.58,,,,,,,,,,,,,,,,,,,,,,,,,,,,,,,,,,,,,,,4.71,,,,
128,128.0,Republic of Vietnam,OWID_RVN,0.32,0.315,0.198,0.0,,,,,,,,,,,,,,,,,,,,,,,,,,,,,,,,,,,,,,,,,,,,,,,,,,,,,,,,,,,,,,,,,,,,,,,
129,129.0,Romania,ROU,0.114,0.188,0.044,0.0,1970.0,Romania,,,,,,,,,,,,,,,0.34,,3.18,6.65,,,3.44,,,,0.94,4.29,,,,,,,0.0,,,,,,,,,,,,0.0,,0.0,,0.0,,0.0,0.0,,0.0,,,,,,0.0,,,,,2.63,,,,2.8
130,130.0,Russia,RUS,0.094,0.102,0.024,0.0,1970.0,Russian Federation,,,,,,,,,,,,,,,0.13,,3.61,7.81,,,3.03,5.0,,,0.82,4.43,,,,,,,0.0,,,,,,,,,,,,0.0,,0.0,,0.0,,0.0,,,0.0,,,,,,0.0,,,,,2.43,,,,2.88
131,131.0,Rwanda,RWA,0.477,0.242,0.171,0.0,1970.0,Rwanda,5.25,56.0,3.0,9.11,9.03,,,,,,,,,,4.28,6.69,5.05,6.26,,,5.23,,,,0.53,4.22,8.22,8.89,2.02,19.96,8.01,9.94,,6.08,,,,,,,,,,,2.4,1.66,0.0,,0.83,,0.0,5.49,,2.74,,,,,,,,,,,3.71,,,,4.02
132,132.0,Sao Tome and Principe,STP,0.319,0.03,0.086,0.0,,,,,,,,,,,,,,,,,,,,,,,,,,,,,,,,,,,,,,,,,,,,,,,,,,,,,,,,,,,,,,,,,,,,,,,
133,133.0,Saudi Arabia,SAU,0.15,0.013,0.042,0.0,1970.0,Saudi Arabia,,,,,,,,,,,,,,,3.89,,4.47,7.44,,,3.87,5.5,,,0.35,3.6,,,,,,,,,,,,,,,,,,,,10.0,,,10.0,,,,,,,,,,,,,,,,5.56,,,,
134,134.0,Senegal,SEN,0.769,0.375,0.291,0.0,1970.0,Senegal,5.1,60.0,3.0,7.37,14.95,,,5.12,32.06,,,,,,3.52,5.34,5.34,4.27,,,5.29,,,,0.59,3.94,9.33,3.33,8.97,2.57,9.59,2.04,0.0,6.97,1.73,12.41,,,,,1.73,,,,9.6,2.26,0.0,,1.13,4.15,,,,,,,,,,0.0,,,,,5.91,,,,
135,135.0,Serbia,SRB,0.617,0.094,0.12,0.0,1970.0,Serbia,,,,,,,,,,,,,,,2.91,,5.62,5.83,,,5.64,,,,1.0,5.7,,,,,,,,,,,,,,,,,,,,,,,,,,,,,,,,,,,,,,,6.01,,,,
136,136.0,Seychelles,SYC,0.682,0.322,0.222,0.0,1970.0,Seychelles,,,,,,,,,,,,,,,4.66,,4.82,7.77,,,4.94,,,,0.82,5.33,,,,,,,,,,,,,,,,,,,,,,,,,,,,,,,,,,,,,,,7.49,,,,
137,137.0,Sierra Leone,SLE,0.336,0.165,0.077,0.0,1970.0,Sierra Leone,,,,,,,,,,,,,,,5.18,,3.61,3.28,,,3.6,,,,0.47,2.57,9.67,1.65,8.76,3.11,9.46,-2.72,,9.29,,,,,,,,,,,9.6,1.66,0.0,,0.83,,,7.93,,7.93,,,,,,,,,,,3.8,,,,
138,138.0,Singapore,SGP,0.866,0.307,0.263,0.0,1970.0,Singapore,6.78,17.0,1.0,7.35,15.01,9.65,1.79,,,4.0,55,,,4.0,4.37,6.34,5.82,9.34,,,7.28,7.0,,,0.88,6.93,9.66,1.72,9.8,0.49,9.82,0.89,0.0,7.32,9.13,1.31,,,,,9.13,,,,9.8,4.16,5.0,,4.58,7.84,,7.96,,7.96,,,7.93,,,0.0,,,,,8.06,,,,5.49
139,139.0,Slovakia,SVK,0.23,0.132,0.046,0.0,1970.0,Slovak Republic,,,,,,,,,,,,,,,,,4.46,,,,,,,,0.82,,,,,,,,,,,,,,,,,,,,,,,,,,,,,,,,,,,,,,,,,,,,
140,140.0,Slovenia,SVN,0.617,0.094,0.12,0.0,1970.0,Slovenia,,,,,,,,,,,,,,,,,5.69,,,,,,,,0.94,,,,,,,,,,,,,,,,,,,,,,0.0,,0.0,,,,,,,,,,,,,,,,,,,,
141,141.0,Solomon Islands,SLB,0.704,0.259,0.229,0.0,,,,,,,,,,,,,,,,,,,,,,,,,,,,,,,,,,,,,,,,,,,,,,,,,,,,,,,,,,,,,,,,,,,,,,,
142,142.0,Somalia,SOM,0.078,0.079,0.021,0.0,1970.0,Somalia,,,,,,,,,,,,,,,,,,,,,,,,,0.59,,,,,,,,,,,,,,,,,,,,,,,,,,,,,,,,,,,,,,,,,,,,
143,143.0,South Africa,ZAF,0.113,0.168,0.093,0.0,1970.0,South Africa,5.82,43.0,3.0,6.88,16.61,9.32,3.01,1.91,43.3,,,,,,7.43,6.38,4.87,6.53,,,3.03,7.0,,,0.29,3.47,9.74,1.32,9.51,1.23,9.4,2.98,0.0,7.16,8.67,2.0,,,,,8.67,,,,9.0,1.66,2.0,,1.83,6.5,10.0,8.47,,9.23,,,,,,3.0,,,,,3.35,,,,5.6
144,144.0,South Korea,KOR,0.587,0.28,0.144,0.0,1970.0,"Korea, Rep.",5.49,49.0,3.0,8.46,11.23,9.87,0.96,7.51,23.73,,,,,,6.99,8.21,5.01,6.69,,,4.69,5.75,,,0.65,4.56,3.19,34.05,9.29,1.78,6.17,19.13,0.0,4.66,8.33,2.5,,,,,8.33,,,,6.0,1.66,0.0,,0.83,5.05,,9.96,,9.96,,,,,,0.0,,,,,5.02,,,,4.99
145,145.0,South Sudan,SSD,0.176,0.1,0.051,0.0,,,,,,,,,,,,,,,,,,,,,,,,,,,,,,,,,,,,,,,,,,,,,,,,,,,,,,,,,,,,,,,,,,,,,,,
146,146.0,Spain,ESP,0.349,0.104,0.073,0.0,1970.0,Spain,5.87,40.0,2.0,8.01,12.76,8.39,6.39,,,,,,,,6.31,7.57,4.45,6.98,,,4.46,6.5,,,0.35,3.79,9.42,2.92,9.46,1.36,8.81,5.94,0.0,6.92,5.53,6.7,,,,,5.53,,,,8.8,1.66,2.0,,1.83,5.39,,7.73,,7.73,,,5.18,5.81,,0.0,3.66,,,,5.75,,,,5.69
147,147.0,Sri Lanka,LKA,0.766,0.662,0.495,0.0,1970.0,Sri Lanka,4.91,69.0,4.0,7.62,14.11,8.02,7.76,7.38,24.16,,,,,,4.17,6.8,6.79,7.54,,,4.58,,,,0.88,5.93,9.86,-0.68,8.5,3.75,8.97,5.15,0.0,6.83,0.25,14.62,,,,,0.25,,,,0.0,0.0,0.0,,0.0,0.08,,,,,,,,,,,,,,,7.03,,,,
148,148.0,Sudan,SDN,0.176,0.1,0.051,0.0,1970.0,Sudan,,,,,,,,,,,,,,,4.63,,4.37,5.14,,,2.47,,,,0.29,2.58,,,,,,,,,,,,,,,,,,,,0.0,,,0.0,,,,,,,,,,,,,,,,3.54,,,,
149,149.0,Suriname,SUR,0.803,0.539,0.444,1.0,1970.0,Suriname,,,,,,,,,,,,,,,6.2,,6.83,8.43,,,5.0,,,,0.47,4.96,,,,,,,,,,,,,,,,,,,,4.16,,,4.16,,,,,,,,,,,,,,,,4.75,,,,
150,150.0,Sweden,SWE,0.983,0.779,0.732,1.0,1970.0,Sweden,6.39,23.0,2.0,3.23,29.02,,,5.33,31.36,0.0,70,,,0.0,7.37,3.98,8.24,9.55,,,7.72,8.25,,,1.0,8.44,,,9.42,1.45,8.97,5.17,0.0,6.13,9.17,1.25,,,,,9.17,,,,9.0,6.99,0.0,,3.5,7.22,,7.39,8.0,7.69,,,4.49,6.42,,3.0,4.64,,,,9.65,,,,6.16
151,151.0,Switzerland,CHE,0.952,0.626,0.572,1.0,1970.0,Switzerland,7.75,4.0,1.0,7.32,15.1,,,9.63,16.29,,,,,,7.73,8.23,8.53,9.38,,,7.77,9.0,,,0.71,7.4,9.67,1.67,9.63,0.92,9.06,4.71,10.0,9.59,7.41,3.88,,,,,7.41,,,,10.0,,2.0,,2.0,6.47,,8.79,,8.79,,,6.21,6.86,,3.0,5.36,,,,9.1,,,,7.07
152,152.0,Syria,SYR,0.197,0.094,0.043,0.0,1970.0,Syrian Arab Republic,4.33,79.0,4.0,6.09,19.29,9.66,1.74,,,,,,,,1.71,5.82,3.18,3.79,,,3.34,,,,0.41,2.42,8.51,7.45,8.57,3.58,9.4,3.0,0.0,6.62,3.8,9.3,,,,,3.8,,,,6.6,0.0,0.0,,0.0,3.47,0.0,3.74,,1.87,,,,,,0.0,,,,,3.03,,,,3.32
153,153.0,Taiwan,TWN,0.397,0.114,0.072,0.0,1970.0,Taiwan,5.6,46.0,3.0,4.56,24.49,10.0,0.45,0.27,49.06,,,,,,6.03,5.21,2.93,4.69,,,3.55,6.5,,,0.65,3.64,9.39,3.06,9.21,1.98,9.32,3.4,10.0,9.48,5.73,6.4,,,,,5.73,,,,9.4,,2.0,,2.0,5.71,0.0,7.4,,3.7,,,,,,0.0,,,,,4.26,,,,3.94
154,154.0,Tajikistan,TJK,0.094,0.102,0.024,0.0,1970.0,Tajikistan,,,,,,,,,,,,,,,,,2.69,,,,,,,,0.82,,,,,,,,,,,,,,,,,,,,,,,,,,,,,,,,,,,,,,,,,,,,
155,155.0,Tanzania,TZA,0.686,0.248,0.24,0.0,1970.0,Tanzania,4.7,74.0,4.0,,,10.0,0.15,,,0.0,70,,,0.0,2.41,4.14,6.24,5.7,,,5.34,,,,0.88,5.42,,,9.36,1.6,9.3,3.5,0.0,6.22,5.8,6.3,,,,,5.8,,,,3.8,1.66,0.0,,0.83,3.48,0.0,4.23,,2.12,,,,,,5.0,,,,,4.72,,,,4.23
156,156.0,Thailand,THA,0.345,0.153,0.113,0.0,1970.0,Thailand,5.87,40.0,2.0,7.67,13.93,10.0,0.47,5.8,29.7,,,,,,6.28,7.44,4.71,5.23,,,3.43,5.5,,,0.94,4.58,9.65,-1.76,8.19,4.53,9.0,-5.0,0.0,6.71,4.4,8.4,,,,,4.4,,,,10.0,4.16,2.0,,3.08,5.83,,7.68,,7.68,,,7.93,,,0.0,,,,,3.03,,,,4.82
157,157.0,Timor,TLS,0.118,0.017,,,1970.0,Timor-Leste,,,,,,,,,,,,,,,5.2,,4.01,7.53,,,2.36,,,,0.53,3.54,,,,,,,,,,,,,,,,,,,,,,,,,,,,,,,,,,,,,,,3.2,,,,
158,158.0,Togo,TGO,0.366,0.08,0.043,0.0,1970.0,Togo,,,,5.5,21.29,,,1.62,44.32,,,,,,5.41,4.18,2.8,3.66,,,2.38,,,,0.29,1.91,9.0,5.01,8.88,2.79,9.68,-1.62,0.0,6.89,,,,,,,,,,,9.6,2.26,0.0,,1.13,,,,,,,,,,,,,,,,6.71,,,,
159,159.0,Trinidad and Tobago,TTO,0.894,0.59,0.487,1.0,1970.0,Trinidad and Tobago,,,,6.51,17.88,,,,,,,,,,5.83,6.17,7.23,8.0,,,6.24,,,,0.76,6.31,9.97,-0.17,8.18,4.54,9.2,4.01,,9.12,,,,,,,,,,,7.2,4.16,0.0,,2.08,,,8.43,,8.43,,,,,,,,,,,6.33,,,,
160,160.0,Tunisia,TUN,0.67,0.191,0.156,0.0,1970.0,Tunisia,4.96,68.0,4.0,5.69,20.66,8.99,4.21,0.0,58.32,,,,,,6.25,5.23,5.15,7.5,,,5.0,,,,0.71,5.02,9.69,1.53,9.16,2.09,8.68,6.6,0.0,6.88,3.53,9.7,,,,,3.53,,,,4.0,1.66,0.0,,0.83,2.79,2.0,8.9,,5.45,,,,,,3.0,,,,,5.2,,,,4.88
161,161.0,Turkey,TUR,0.462,0.561,0.385,0.0,1970.0,Turkey,4.08,81.0,4.0,6.79,16.92,9.49,2.35,,,,,,,,5.57,7.28,5.63,6.42,,,5.53,4.25,,,0.71,4.65,0.0,-64.6,8.2,4.5,8.24,8.82,0.0,4.11,0.0,20.74,,,,,0.0,,,,0.0,1.66,0.0,,0.83,0.28,,6.05,,6.05,,,,,,0.0,,,,,3.64,,,,4.1
162,162.0,Turkmenistan,TKM,0.094,0.102,0.024,0.0,,,,,,,,,,,,,,,,,,,,,,,,,,,,,,,,,,,,,,,,,,,,,,,,,,,,,,,,,,,,,,,,,,,,,,,
163,163.0,Uganda,UGA,0.311,0.2,0.1,0.0,1970.0,Uganda,4.01,83.0,4.0,,,,,10.0,12.72,,,,,,4.24,7.12,2.65,2.5,,,2.84,,,,0.71,2.27,,,,,1.67,41.63,0.0,0.84,,,,,,,,,,,3.8,1.66,0.0,,0.83,,,7.64,,7.64,,,,,,10.0,,,,,2.29,,,,5.82
164,164.0,Ukraine,UKR,0.094,0.102,0.024,0.0,1970.0,Ukraine,,,,,,,,,,,,,,,,,3.58,,,,,5.0,,,0.82,3.91,,,,,,,,,,,,,,,,,,,,,0.0,,0.0,,,,,,,,,,,,,,,,,,,,
165,165.0,United Kingdom,GBR,0.94,0.83,0.739,1.0,1970.0,United Kingdom,6.2,31.0,2.0,5.12,22.61,,,6.76,26.33,,,,,,5.78,5.88,8.11,8.65,,,7.21,8.25,,,0.82,7.34,,,9.41,1.47,8.54,7.28,0.0,5.99,2.07,11.9,,,,,2.07,,,,10.0,0.0,2.0,,1.0,4.36,10.0,6.54,8.0,8.18,,,5.18,4.75,,10.0,6.64,,,,8.87,,,,7.41
166,166.0,United States,USA,0.919,0.709,0.636,1.0,1970.0,United States,7.81,3.0,1.0,5.11,22.63,7.98,7.91,6.12,28.58,0.0,70-75,,,0.0,7.85,5.41,7.88,8.25,,,7.42,8.75,,,1.0,8.07,9.75,1.27,9.62,0.94,8.99,5.07,10.0,9.59,8.4,2.4,,,,,8.4,,,,10.0,10.0,8.0,,9.0,9.13,10.0,8.01,10.0,9.34,,,7.59,5.45,,0.0,4.35,,,,7.59,,,,6.84
167,167.0,Uruguay,URY,0.643,0.597,0.454,0.0,1970.0,Uruguay,6.05,35.0,2.0,6.75,17.04,7.41,9.99,0.0,100.0,,,,,,6.36,5.13,6.33,8.16,,,5.12,,,,0.94,6.34,2.04,39.81,0.0,40.64,9.87,0.66,10.0,5.48,6.87,4.7,,,,,6.87,,,,9.4,2.86,8.0,,5.43,7.23,,,,,,,,,,10.0,,,,,4.45,,,,
168,168.0,Uzbekistan,UZB,0.094,0.102,0.024,0.0,,,,,,,,,,,,,,,,,,,,,,,,,,,,,,,,,,,,,,,,,,,,,,,,,,,,,,,,,,,,,,,,,,,,,,,
169,169.0,Vanuatu,VUT,0.83,0.154,0.168,0.0,,,,,,,,,,,,,,,,,,,,,,,,,,,,,,,,,,,,,,,,,,,,,,,,,,,,,,,,,,,,,,,,,,,,,,,
170,170.0,Venezuela,VEN,0.844,0.689,0.561,1.0,1970.0,"Venezuela, RB",7.19,13.0,1.0,6.6,17.55,9.83,1.13,,,,,,,,7.65,8.03,5.99,2.93,,,5.42,5.0,,,0.88,4.55,9.53,2.35,9.58,1.05,9.74,1.28,10.0,9.71,8.07,2.9,,,,,8.07,,,,10.0,5.51,8.0,,6.76,8.27,,9.68,,9.68,,,7.24,,,0.0,,,,,6.34,,,,5.4
171,171.0,Vietnam,VNM,0.12,0.219,0.076,0.0,1970.0,Vietnam,,,,,,,,,,,,,,,0.95,,2.84,7.34,,,3.2,2.5,,,0.88,3.74,,,,,,,,,,,,,,,,,,,,0.0,,,0.0,,,,,,,,,,,,,,,,2.55,,,,
172,172.0,Yemen,YEM,0.152,0.028,0.036,0.0,1970.0,"Yemen, Rep.",,,,,,,,,,,,,,,4.61,,3.94,5.87,,,2.94,,,,0.41,3.0,,,,,,,,,,,,,,,,,,,,,,,,,,,,,,,,,,,,,,,5.02,,,,
173,173.0,Yemen People's Republic,OWID_YPR,0.221,0.078,0.097,0.0,,,,,,,,,,,,,,,,,,,,,,,,,,,,,,,,,,,,,,,,,,,,,,,,,,,,,,,,,,,,,,,,,,,,,,,
174,174.0,Zambia,ZMB,0.481,0.276,0.199,0.0,1970.0,Zambia,5.33,54.0,3.0,3.45,28.28,9.11,3.78,,,,,,,,2.65,5.07,5.63,6.74,,,4.17,,,,0.71,4.7,8.3,8.5,4.51,13.72,7.72,-11.39,0.0,5.13,,,,,,,,,,,0.0,1.66,2.0,,1.83,,,7.33,,7.33,,,,,,10.0,,,,,6.07,,,,6.4
175,175.0,Zanzibar,OWID_ZAN,0.26,0.016,0.041,0.0,,,,,,,,,,,,,,,,,,,,,,,,,,,,,,,,,,,,,,,,,,,,,,,,,,,,,,,,,,,,,,,,,,,,,,,
176,176.0,Zimbabwe,ZWE,0.099,0.196,0.128,0.0,1970.0,Zimbabwe,,,,7.81,13.46,,,,,,,,,,5.37,6.59,5.27,6.84,,,3.72,,,,0.65,4.34,,,7.52,6.2,7.59,-12.05,0.0,5.04,,,,,,,,,,,7.2,,,,,,,,,,,,,,,3.0,,,,,0.5,,,,
177,,,ARE,,,,,1970.0,United Arab Emirates,,,,,,,,,,,,,,,,,4.82,7.42,,,3.28,,,,0.29,3.35,,,,,,,,,,,,,,,,,,,,,,,,,,,,,,,,,,,,,,,,,,,
178,,,BHS,,,,,1970.0,"Bahamas, The",,,,,,9.75,1.41,,,,,,,,,,7.31,,,,,,,,0.88,,,,9.3,1.76,8.77,6.15,,9.03,4.73,7.9,,,,,4.73,,,,7.2,,0.0,,0.0,3.98,10.0,9.48,,9.74,,,,,,,,,,,,,,,
179,,,BLZ,,,,,1970.0,Belize,,,,,,,,,,,,,,,,,6.3,,,,,,,,0.88,,,,8.95,2.62,8.53,7.37,,8.74,,,,,,,,,,,,,,,,,,,,,,,,,,,,,,,,,,,
180,,,BRN,,,,,1970.0,Brunei Darussalam,,,,,,,,,,,,,,,,,,,,,,,,,0.59,,,,,,,,,,,,,,,,,,,,,,,,,,,,,,,,,,,,,,,,,,,,
181,,,MNE,,,,,1970.0,Montenegro,,,,,,,,,,,,,,,,,4.27,,,,,,,,0.82,,,,,,,,,,,,,,,,,,,,,,,,,,,,,,,,,,,,,,,,,,,,
